video_id,label,path,manipulation
000,real,.\FaceForensics++\original\000.mp4,Original
001,real,.\FaceForensics++\original\001.mp4,Original
002,real,.\FaceForensics++\original\002.mp4,Original
003,real,.\FaceForensics++\original\003.mp4,Original
004,real,.\FaceForensics++\original\004.mp4,Original
005,real,.\FaceForensics++\original\005.mp4,Original
006,real,.\FaceForensics++\original\006.mp4,Original
007,real,.\FaceForensics++\original\007.mp4,Original
008,real,.\FaceForensics++\original\008.mp4,Original
009,real,.\FaceForensics++\original\009.mp4,Original
010,real,.\FaceForensics++\original\010.mp4,Original
011,real,.\FaceForensics++\original\011.mp4,Original
012,real,.\FaceForensics++\original\012.mp4,Original
013,real,.\FaceForensics++\original\013.mp4,Original
014,real,.\FaceForensics++\original\014.mp4,Original
015,real,.\FaceForensics++\original\015.mp4,Original
016,real,.\FaceForensics++\original\016.mp4,Original
017,real,.\FaceForensics++\original\017.mp4,Original
018,real,.\FaceForensics++\original\018.mp4,Original
019,real,.\FaceForensics++\original\019.mp4,Original
020,real,.\FaceForensics++\original\020.mp4,Original
021,real,.\FaceForensics++\original\021.mp4,Original
022,real,.\FaceForensics++\original\022.mp4,Original
023,real,.\FaceForensics++\original\023.mp4,Original
024,real,.\FaceForensics++\original\024.mp4,Original
025,real,.\FaceForensics++\original\025.mp4,Original
026,real,.\FaceForensics++\original\026.mp4,Original
027,real,.\FaceForensics++\original\027.mp4,Original
028,real,.\FaceForensics++\original\028.mp4,Original
029,real,.\FaceForensics++\original\029.mp4,Original
030,real,.\FaceForensics++\original\030.mp4,Original
031,real,.\FaceForensics++\original\031.mp4,Original
032,real,.\FaceForensics++\original\032.mp4,Original
033,real,.\FaceForensics++\original\033.mp4,Original
034,real,.\FaceForensics++\original\034.mp4,Original
035,real,.\FaceForensics++\original\035.mp4,Original
036,real,.\FaceForensics++\original\036.mp4,Original
037,real,.\FaceForensics++\original\037.mp4,Original
038,real,.\FaceForensics++\original\038.mp4,Original
039,real,.\FaceForensics++\original\039.mp4,Original
040,real,.\FaceForensics++\original\040.mp4,Original
041,real,.\FaceForensics++\original\041.mp4,Original
042,real,.\FaceForensics++\original\042.mp4,Original
043,real,.\FaceForensics++\original\043.mp4,Original
044,real,.\FaceForensics++\original\044.mp4,Original
045,real,.\FaceForensics++\original\045.mp4,Original
046,real,.\FaceForensics++\original\046.mp4,Original
047,real,.\FaceForensics++\original\047.mp4,Original
048,real,.\FaceForensics++\original\048.mp4,Original
049,real,.\FaceForensics++\original\049.mp4,Original
Deepfakes_000_003,fake,.\FaceForensics++\Deepfakes\000_003.mp4,Deepfakes
Deepfakes_001_870,fake,.\FaceForensics++\Deepfakes\001_870.mp4,Deepfakes
Deepfakes_002_006,fake,.\FaceForensics++\Deepfakes\002_006.mp4,Deepfakes
Deepfakes_003_000,fake,.\FaceForensics++\Deepfakes\003_000.mp4,Deepfakes
Deepfakes_004_982,fake,.\FaceForensics++\Deepfakes\004_982.mp4,Deepfakes
Deepfakes_005_010,fake,.\FaceForensics++\Deepfakes\005_010.mp4,Deepfakes
Deepfakes_006_002,fake,.\FaceForensics++\Deepfakes\006_002.mp4,Deepfakes
Deepfakes_007_132,fake,.\FaceForensics++\Deepfakes\007_132.mp4,Deepfakes
Deepfakes_008_990,fake,.\FaceForensics++\Deepfakes\008_990.mp4,Deepfakes
Deepfakes_009_027,fake,.\FaceForensics++\Deepfakes\009_027.mp4,Deepfakes
Deepfakes_010_005,fake,.\FaceForensics++\Deepfakes\010_005.mp4,Deepfakes
Deepfakes_011_805,fake,.\FaceForensics++\Deepfakes\011_805.mp4,Deepfakes
Deepfakes_012_026,fake,.\FaceForensics++\Deepfakes\012_026.mp4,Deepfakes
Deepfakes_013_883,fake,.\FaceForensics++\Deepfakes\013_883.mp4,Deepfakes
Deepfakes_014_790,fake,.\FaceForensics++\Deepfakes\014_790.mp4,Deepfakes
Deepfakes_015_919,fake,.\FaceForensics++\Deepfakes\015_919.mp4,Deepfakes
Deepfakes_016_209,fake,.\FaceForensics++\Deepfakes\016_209.mp4,Deepfakes
Deepfakes_017_803,fake,.\FaceForensics++\Deepfakes\017_803.mp4,Deepfakes
Deepfakes_018_019,fake,.\FaceForensics++\Deepfakes\018_019.mp4,Deepfakes
Deepfakes_019_018,fake,.\FaceForensics++\Deepfakes\019_018.mp4,Deepfakes
Deepfakes_020_344,fake,.\FaceForensics++\Deepfakes\020_344.mp4,Deepfakes
Deepfakes_021_312,fake,.\FaceForensics++\Deepfakes\021_312.mp4,Deepfakes
Deepfakes_022_489,fake,.\FaceForensics++\Deepfakes\022_489.mp4,Deepfakes
Deepfakes_023_923,fake,.\FaceForensics++\Deepfakes\023_923.mp4,Deepfakes
Deepfakes_024_073,fake,.\FaceForensics++\Deepfakes\024_073.mp4,Deepfakes
Deepfakes_025_067,fake,.\FaceForensics++\Deepfakes\025_067.mp4,Deepfakes
Deepfakes_026_012,fake,.\FaceForensics++\Deepfakes\026_012.mp4,Deepfakes
Deepfakes_027_009,fake,.\FaceForensics++\Deepfakes\027_009.mp4,Deepfakes
Deepfakes_028_068,fake,.\FaceForensics++\Deepfakes\028_068.mp4,Deepfakes
Deepfakes_029_048,fake,.\FaceForensics++\Deepfakes\029_048.mp4,Deepfakes
Deepfakes_030_193,fake,.\FaceForensics++\Deepfakes\030_193.mp4,Deepfakes
Deepfakes_031_163,fake,.\FaceForensics++\Deepfakes\031_163.mp4,Deepfakes
Deepfakes_032_944,fake,.\FaceForensics++\Deepfakes\032_944.mp4,Deepfakes
Deepfakes_033_097,fake,.\FaceForensics++\Deepfakes\033_097.mp4,Deepfakes
Deepfakes_034_590,fake,.\FaceForensics++\Deepfakes\034_590.mp4,Deepfakes
Deepfakes_035_036,fake,.\FaceForensics++\Deepfakes\035_036.mp4,Deepfakes
Deepfakes_036_035,fake,.\FaceForensics++\Deepfakes\036_035.mp4,Deepfakes
Deepfakes_037_072,fake,.\FaceForensics++\Deepfakes\037_072.mp4,Deepfakes
Deepfakes_038_125,fake,.\FaceForensics++\Deepfakes\038_125.mp4,Deepfakes
Deepfakes_039_058,fake,.\FaceForensics++\Deepfakes\039_058.mp4,Deepfakes
Deepfakes_040_997,fake,.\FaceForensics++\Deepfakes\040_997.mp4,Deepfakes
Deepfakes_041_063,fake,.\FaceForensics++\Deepfakes\041_063.mp4,Deepfakes
Deepfakes_042_084,fake,.\FaceForensics++\Deepfakes\042_084.mp4,Deepfakes
Deepfakes_043_110,fake,.\FaceForensics++\Deepfakes\043_110.mp4,Deepfakes
Deepfakes_044_945,fake,.\FaceForensics++\Deepfakes\044_945.mp4,Deepfakes
Deepfakes_045_889,fake,.\FaceForensics++\Deepfakes\045_889.mp4,Deepfakes
Deepfakes_046_904,fake,.\FaceForensics++\Deepfakes\046_904.mp4,Deepfakes
Deepfakes_047_862,fake,.\FaceForensics++\Deepfakes\047_862.mp4,Deepfakes
Deepfakes_048_029,fake,.\FaceForensics++\Deepfakes\048_029.mp4,Deepfakes
Deepfakes_049_946,fake,.\FaceForensics++\Deepfakes\049_946.mp4,Deepfakes
Face2Face_000_003,fake,.\FaceForensics++\Face2Face\000_003.mp4,Face2Face
Face2Face_001_870,fake,.\FaceForensics++\Face2Face\001_870.mp4,Face2Face
Face2Face_002_006,fake,.\FaceForensics++\Face2Face\002_006.mp4,Face2Face
Face2Face_003_000,fake,.\FaceForensics++\Face2Face\003_000.mp4,Face2Face
Face2Face_004_982,fake,.\FaceForensics++\Face2Face\004_982.mp4,Face2Face
Face2Face_005_010,fake,.\FaceForensics++\Face2Face\005_010.mp4,Face2Face
Face2Face_006_002,fake,.\FaceForensics++\Face2Face\006_002.mp4,Face2Face
Face2Face_007_132,fake,.\FaceForensics++\Face2Face\007_132.mp4,Face2Face
Face2Face_008_990,fake,.\FaceForensics++\Face2Face\008_990.mp4,Face2Face
Face2Face_009_027,fake,.\FaceForensics++\Face2Face\009_027.mp4,Face2Face
Face2Face_010_005,fake,.\FaceForensics++\Face2Face\010_005.mp4,Face2Face
Face2Face_011_805,fake,.\FaceForensics++\Face2Face\011_805.mp4,Face2Face
Face2Face_012_026,fake,.\FaceForensics++\Face2Face\012_026.mp4,Face2Face
Face2Face_013_883,fake,.\FaceForensics++\Face2Face\013_883.mp4,Face2Face
Face2Face_014_790,fake,.\FaceForensics++\Face2Face\014_790.mp4,Face2Face
Face2Face_015_919,fake,.\FaceForensics++\Face2Face\015_919.mp4,Face2Face
Face2Face_016_209,fake,.\FaceForensics++\Face2Face\016_209.mp4,Face2Face
Face2Face_017_803,fake,.\FaceForensics++\Face2Face\017_803.mp4,Face2Face
Face2Face_018_019,fake,.\FaceForensics++\Face2Face\018_019.mp4,Face2Face
Face2Face_019_018,fake,.\FaceForensics++\Face2Face\019_018.mp4,Face2Face
Face2Face_020_344,fake,.\FaceForensics++\Face2Face\020_344.mp4,Face2Face
Face2Face_021_312,fake,.\FaceForensics++\Face2Face\021_312.mp4,Face2Face
Face2Face_022_489,fake,.\FaceForensics++\Face2Face\022_489.mp4,Face2Face
Face2Face_023_923,fake,.\FaceForensics++\Face2Face\023_923.mp4,Face2Face
Face2Face_024_073,fake,.\FaceForensics++\Face2Face\024_073.mp4,Face2Face
Face2Face_025_067,fake,.\FaceForensics++\Face2Face\025_067.mp4,Face2Face
Face2Face_026_012,fake,.\FaceForensics++\Face2Face\026_012.mp4,Face2Face
Face2Face_027_009,fake,.\FaceForensics++\Face2Face\027_009.mp4,Face2Face
Face2Face_028_068,fake,.\FaceForensics++\Face2Face\028_068.mp4,Face2Face
Face2Face_029_048,fake,.\FaceForensics++\Face2Face\029_048.mp4,Face2Face
Face2Face_030_193,fake,.\FaceForensics++\Face2Face\030_193.mp4,Face2Face
Face2Face_031_163,fake,.\FaceForensics++\Face2Face\031_163.mp4,Face2Face
Face2Face_032_944,fake,.\FaceForensics++\Face2Face\032_944.mp4,Face2Face
Face2Face_033_097,fake,.\FaceForensics++\Face2Face\033_097.mp4,Face2Face
Face2Face_034_590,fake,.\FaceForensics++\Face2Face\034_590.mp4,Face2Face
Face2Face_035_036,fake,.\FaceForensics++\Face2Face\035_036.mp4,Face2Face
Face2Face_036_035,fake,.\FaceForensics++\Face2Face\036_035.mp4,Face2Face
Face2Face_037_072,fake,.\FaceForensics++\Face2Face\037_072.mp4,Face2Face
Face2Face_038_125,fake,.\FaceForensics++\Face2Face\038_125.mp4,Face2Face
Face2Face_039_058,fake,.\FaceForensics++\Face2Face\039_058.mp4,Face2Face
Face2Face_040_997,fake,.\FaceForensics++\Face2Face\040_997.mp4,Face2Face
Face2Face_041_063,fake,.\FaceForensics++\Face2Face\041_063.mp4,Face2Face
Face2Face_042_084,fake,.\FaceForensics++\Face2Face\042_084.mp4,Face2Face
Face2Face_043_110,fake,.\FaceForensics++\Face2Face\043_110.mp4,Face2Face
Face2Face_044_945,fake,.\FaceForensics++\Face2Face\044_945.mp4,Face2Face
Face2Face_045_889,fake,.\FaceForensics++\Face2Face\045_889.mp4,Face2Face
Face2Face_046_904,fake,.\FaceForensics++\Face2Face\046_904.mp4,Face2Face
Face2Face_047_862,fake,.\FaceForensics++\Face2Face\047_862.mp4,Face2Face
Face2Face_048_029,fake,.\FaceForensics++\Face2Face\048_029.mp4,Face2Face
Face2Face_049_946,fake,.\FaceForensics++\Face2Face\049_946.mp4,Face2Face
FaceSwap_000_003,fake,.\FaceForensics++\FaceSwap\000_003.mp4,FaceSwap
FaceSwap_001_870,fake,.\FaceForensics++\FaceSwap\001_870.mp4,FaceSwap
FaceSwap_002_006,fake,.\FaceForensics++\FaceSwap\002_006.mp4,FaceSwap
FaceSwap_003_000,fake,.\FaceForensics++\FaceSwap\003_000.mp4,FaceSwap
FaceSwap_004_982,fake,.\FaceForensics++\FaceSwap\004_982.mp4,FaceSwap
FaceSwap_005_010,fake,.\FaceForensics++\FaceSwap\005_010.mp4,FaceSwap
FaceSwap_006_002,fake,.\FaceForensics++\FaceSwap\006_002.mp4,FaceSwap
FaceSwap_007_132,fake,.\FaceForensics++\FaceSwap\007_132.mp4,FaceSwap
FaceSwap_008_990,fake,.\FaceForensics++\FaceSwap\008_990.mp4,FaceSwap
FaceSwap_009_027,fake,.\FaceForensics++\FaceSwap\009_027.mp4,FaceSwap
FaceSwap_010_005,fake,.\FaceForensics++\FaceSwap\010_005.mp4,FaceSwap
FaceSwap_011_805,fake,.\FaceForensics++\FaceSwap\011_805.mp4,FaceSwap
FaceSwap_012_026,fake,.\FaceForensics++\FaceSwap\012_026.mp4,FaceSwap
FaceSwap_013_883,fake,.\FaceForensics++\FaceSwap\013_883.mp4,FaceSwap
FaceSwap_014_790,fake,.\FaceForensics++\FaceSwap\014_790.mp4,FaceSwap
FaceSwap_015_919,fake,.\FaceForensics++\FaceSwap\015_919.mp4,FaceSwap
FaceSwap_016_209,fake,.\FaceForensics++\FaceSwap\016_209.mp4,FaceSwap
FaceSwap_017_803,fake,.\FaceForensics++\FaceSwap\017_803.mp4,FaceSwap
FaceSwap_018_019,fake,.\FaceForensics++\FaceSwap\018_019.mp4,FaceSwap
FaceSwap_019_018,fake,.\FaceForensics++\FaceSwap\019_018.mp4,FaceSwap
FaceSwap_020_344,fake,.\FaceForensics++\FaceSwap\020_344.mp4,FaceSwap
FaceSwap_021_312,fake,.\FaceForensics++\FaceSwap\021_312.mp4,FaceSwap
FaceSwap_022_489,fake,.\FaceForensics++\FaceSwap\022_489.mp4,FaceSwap
FaceSwap_023_923,fake,.\FaceForensics++\FaceSwap\023_923.mp4,FaceSwap
FaceSwap_024_073,fake,.\FaceForensics++\FaceSwap\024_073.mp4,FaceSwap
FaceSwap_025_067,fake,.\FaceForensics++\FaceSwap\025_067.mp4,FaceSwap
FaceSwap_026_012,fake,.\FaceForensics++\FaceSwap\026_012.mp4,FaceSwap
FaceSwap_027_009,fake,.\FaceForensics++\FaceSwap\027_009.mp4,FaceSwap
FaceSwap_028_068,fake,.\FaceForensics++\FaceSwap\028_068.mp4,FaceSwap
FaceSwap_029_048,fake,.\FaceForensics++\FaceSwap\029_048.mp4,FaceSwap
FaceSwap_030_193,fake,.\FaceForensics++\FaceSwap\030_193.mp4,FaceSwap
FaceSwap_031_163,fake,.\FaceForensics++\FaceSwap\031_163.mp4,FaceSwap
FaceSwap_032_944,fake,.\FaceForensics++\FaceSwap\032_944.mp4,FaceSwap
FaceSwap_033_097,fake,.\FaceForensics++\FaceSwap\033_097.mp4,FaceSwap
FaceSwap_034_590,fake,.\FaceForensics++\FaceSwap\034_590.mp4,FaceSwap
FaceSwap_035_036,fake,.\FaceForensics++\FaceSwap\035_036.mp4,FaceSwap
FaceSwap_036_035,fake,.\FaceForensics++\FaceSwap\036_035.mp4,FaceSwap
FaceSwap_037_072,fake,.\FaceForensics++\FaceSwap\037_072.mp4,FaceSwap
FaceSwap_038_125,fake,.\FaceForensics++\FaceSwap\038_125.mp4,FaceSwap
FaceSwap_039_058,fake,.\FaceForensics++\FaceSwap\039_058.mp4,FaceSwap
FaceSwap_040_997,fake,.\FaceForensics++\FaceSwap\040_997.mp4,FaceSwap
FaceSwap_041_063,fake,.\FaceForensics++\FaceSwap\041_063.mp4,FaceSwap
FaceSwap_042_084,fake,.\FaceForensics++\FaceSwap\042_084.mp4,FaceSwap
FaceSwap_043_110,fake,.\FaceForensics++\FaceSwap\043_110.mp4,FaceSwap
FaceSwap_044_945,fake,.\FaceForensics++\FaceSwap\044_945.mp4,FaceSwap
FaceSwap_045_889,fake,.\FaceForensics++\FaceSwap\045_889.mp4,FaceSwap
FaceSwap_046_904,fake,.\FaceForensics++\FaceSwap\046_904.mp4,FaceSwap
FaceSwap_047_862,fake,.\FaceForensics++\FaceSwap\047_862.mp4,FaceSwap
FaceSwap_048_029,fake,.\FaceForensics++\FaceSwap\048_029.mp4,FaceSwap
FaceSwap_049_946,fake,.\FaceForensics++\FaceSwap\049_946.mp4,FaceSwap
NeuralTextures_000_003,fake,.\FaceForensics++\NeuralTextures\000_003.mp4,NeuralTextures
NeuralTextures_001_870,fake,.\FaceForensics++\NeuralTextures\001_870.mp4,NeuralTextures
NeuralTextures_002_006,fake,.\FaceForensics++\NeuralTextures\002_006.mp4,NeuralTextures
NeuralTextures_003_000,fake,.\FaceForensics++\NeuralTextures\003_000.mp4,NeuralTextures
NeuralTextures_004_982,fake,.\FaceForensics++\NeuralTextures\004_982.mp4,NeuralTextures
NeuralTextures_005_010,fake,.\FaceForensics++\NeuralTextures\005_010.mp4,NeuralTextures
NeuralTextures_006_002,fake,.\FaceForensics++\NeuralTextures\006_002.mp4,NeuralTextures
NeuralTextures_007_132,fake,.\FaceForensics++\NeuralTextures\007_132.mp4,NeuralTextures
NeuralTextures_008_990,fake,.\FaceForensics++\NeuralTextures\008_990.mp4,NeuralTextures
NeuralTextures_009_027,fake,.\FaceForensics++\NeuralTextures\009_027.mp4,NeuralTextures
NeuralTextures_010_005,fake,.\FaceForensics++\NeuralTextures\010_005.mp4,NeuralTextures
NeuralTextures_011_805,fake,.\FaceForensics++\NeuralTextures\011_805.mp4,NeuralTextures
NeuralTextures_012_026,fake,.\FaceForensics++\NeuralTextures\012_026.mp4,NeuralTextures
NeuralTextures_013_883,fake,.\FaceForensics++\NeuralTextures\013_883.mp4,NeuralTextures
NeuralTextures_014_790,fake,.\FaceForensics++\NeuralTextures\014_790.mp4,NeuralTextures
NeuralTextures_015_919,fake,.\FaceForensics++\NeuralTextures\015_919.mp4,NeuralTextures
NeuralTextures_016_209,fake,.\FaceForensics++\NeuralTextures\016_209.mp4,NeuralTextures
NeuralTextures_017_803,fake,.\FaceForensics++\NeuralTextures\017_803.mp4,NeuralTextures
NeuralTextures_018_019,fake,.\FaceForensics++\NeuralTextures\018_019.mp4,NeuralTextures
NeuralTextures_019_018,fake,.\FaceForensics++\NeuralTextures\019_018.mp4,NeuralTextures
NeuralTextures_020_344,fake,.\FaceForensics++\NeuralTextures\020_344.mp4,NeuralTextures
NeuralTextures_021_312,fake,.\FaceForensics++\NeuralTextures\021_312.mp4,NeuralTextures
NeuralTextures_022_489,fake,.\FaceForensics++\NeuralTextures\022_489.mp4,NeuralTextures
NeuralTextures_023_923,fake,.\FaceForensics++\NeuralTextures\023_923.mp4,NeuralTextures
NeuralTextures_024_073,fake,.\FaceForensics++\NeuralTextures\024_073.mp4,NeuralTextures
NeuralTextures_025_067,fake,.\FaceForensics++\NeuralTextures\025_067.mp4,NeuralTextures
NeuralTextures_026_012,fake,.\FaceForensics++\NeuralTextures\026_012.mp4,NeuralTextures
NeuralTextures_027_009,fake,.\FaceForensics++\NeuralTextures\027_009.mp4,NeuralTextures
NeuralTextures_028_068,fake,.\FaceForensics++\NeuralTextures\028_068.mp4,NeuralTextures
NeuralTextures_029_048,fake,.\FaceForensics++\NeuralTextures\029_048.mp4,NeuralTextures
NeuralTextures_030_193,fake,.\FaceForensics++\NeuralTextures\030_193.mp4,NeuralTextures
NeuralTextures_031_163,fake,.\FaceForensics++\NeuralTextures\031_163.mp4,NeuralTextures
NeuralTextures_032_944,fake,.\FaceForensics++\NeuralTextures\032_944.mp4,NeuralTextures
NeuralTextures_033_097,fake,.\FaceForensics++\NeuralTextures\033_097.mp4,NeuralTextures
NeuralTextures_034_590,fake,.\FaceForensics++\NeuralTextures\034_590.mp4,NeuralTextures
NeuralTextures_035_036,fake,.\FaceForensics++\NeuralTextures\035_036.mp4,NeuralTextures
NeuralTextures_036_035,fake,.\FaceForensics++\NeuralTextures\036_035.mp4,NeuralTextures
NeuralTextures_037_072,fake,.\FaceForensics++\NeuralTextures\037_072.mp4,NeuralTextures
NeuralTextures_038_125,fake,.\FaceForensics++\NeuralTextures\038_125.mp4,NeuralTextures
NeuralTextures_039_058,fake,.\FaceForensics++\NeuralTextures\039_058.mp4,NeuralTextures
NeuralTextures_040_997,fake,.\FaceForensics++\NeuralTextures\040_997.mp4,NeuralTextures
NeuralTextures_041_063,fake,.\FaceForensics++\NeuralTextures\041_063.mp4,NeuralTextures
NeuralTextures_042_084,fake,.\FaceForensics++\NeuralTextures\042_084.mp4,NeuralTextures
NeuralTextures_043_110,fake,.\FaceForensics++\NeuralTextures\043_110.mp4,NeuralTextures
NeuralTextures_044_945,fake,.\FaceForensics++\NeuralTextures\044_945.mp4,NeuralTextures
NeuralTextures_045_889,fake,.\FaceForensics++\NeuralTextures\045_889.mp4,NeuralTextures
NeuralTextures_046_904,fake,.\FaceForensics++\NeuralTextures\046_904.mp4,NeuralTextures
NeuralTextures_047_862,fake,.\FaceForensics++\NeuralTextures\047_862.mp4,NeuralTextures
NeuralTextures_048_029,fake,.\FaceForensics++\NeuralTextures\048_029.mp4,NeuralTextures
NeuralTextures_049_946,fake,.\FaceForensics++\NeuralTextures\049_946.mp4,NeuralTextures
FaceShifter_000_003,fake,.\FaceForensics++\FaceShifter\000_003.mp4,FaceShifter
FaceShifter_001_870,fake,.\FaceForensics++\FaceShifter\001_870.mp4,FaceShifter
FaceShifter_002_006,fake,.\FaceForensics++\FaceShifter\002_006.mp4,FaceShifter
FaceShifter_003_000,fake,.\FaceForensics++\FaceShifter\003_000.mp4,FaceShifter
FaceShifter_004_982,fake,.\FaceForensics++\FaceShifter\004_982.mp4,FaceShifter
FaceShifter_005_010,fake,.\FaceForensics++\FaceShifter\005_010.mp4,FaceShifter
FaceShifter_006_002,fake,.\FaceForensics++\FaceShifter\006_002.mp4,FaceShifter
FaceShifter_007_132,fake,.\FaceForensics++\FaceShifter\007_132.mp4,FaceShifter
FaceShifter_008_990,fake,.\FaceForensics++\FaceShifter\008_990.mp4,FaceShifter
FaceShifter_009_027,fake,.\FaceForensics++\FaceShifter\009_027.mp4,FaceShifter
FaceShifter_010_005,fake,.\FaceForensics++\FaceShifter\010_005.mp4,FaceShifter
FaceShifter_011_805,fake,.\FaceForensics++\FaceShifter\011_805.mp4,FaceShifter
FaceShifter_012_026,fake,.\FaceForensics++\FaceShifter\012_026.mp4,FaceShifter
FaceShifter_013_883,fake,.\FaceForensics++\FaceShifter\013_883.mp4,FaceShifter
FaceShifter_014_790,fake,.\FaceForensics++\FaceShifter\014_790.mp4,FaceShifter
FaceShifter_015_919,fake,.\FaceForensics++\FaceShifter\015_919.mp4,FaceShifter
FaceShifter_016_209,fake,.\FaceForensics++\FaceShifter\016_209.mp4,FaceShifter
FaceShifter_017_803,fake,.\FaceForensics++\FaceShifter\017_803.mp4,FaceShifter
FaceShifter_018_019,fake,.\FaceForensics++\FaceShifter\018_019.mp4,FaceShifter
FaceShifter_019_018,fake,.\FaceForensics++\FaceShifter\019_018.mp4,FaceShifter
FaceShifter_020_344,fake,.\FaceForensics++\FaceShifter\020_344.mp4,FaceShifter
FaceShifter_021_312,fake,.\FaceForensics++\FaceShifter\021_312.mp4,FaceShifter
FaceShifter_022_489,fake,.\FaceForensics++\FaceShifter\022_489.mp4,FaceShifter
FaceShifter_023_923,fake,.\FaceForensics++\FaceShifter\023_923.mp4,FaceShifter
FaceShifter_024_073,fake,.\FaceForensics++\FaceShifter\024_073.mp4,FaceShifter
FaceShifter_025_067,fake,.\FaceForensics++\FaceShifter\025_067.mp4,FaceShifter
FaceShifter_026_012,fake,.\FaceForensics++\FaceShifter\026_012.mp4,FaceShifter
FaceShifter_027_009,fake,.\FaceForensics++\FaceShifter\027_009.mp4,FaceShifter
FaceShifter_028_068,fake,.\FaceForensics++\FaceShifter\028_068.mp4,FaceShifter
FaceShifter_029_048,fake,.\FaceForensics++\FaceShifter\029_048.mp4,FaceShifter
FaceShifter_030_193,fake,.\FaceForensics++\FaceShifter\030_193.mp4,FaceShifter
FaceShifter_031_163,fake,.\FaceForensics++\FaceShifter\031_163.mp4,FaceShifter
FaceShifter_032_944,fake,.\FaceForensics++\FaceShifter\032_944.mp4,FaceShifter
FaceShifter_033_097,fake,.\FaceForensics++\FaceShifter\033_097.mp4,FaceShifter
FaceShifter_034_590,fake,.\FaceForensics++\FaceShifter\034_590.mp4,FaceShifter
FaceShifter_035_036,fake,.\FaceForensics++\FaceShifter\035_036.mp4,FaceShifter
FaceShifter_036_035,fake,.\FaceForensics++\FaceShifter\036_035.mp4,FaceShifter
FaceShifter_037_072,fake,.\FaceForensics++\FaceShifter\037_072.mp4,FaceShifter
FaceShifter_038_125,fake,.\FaceForensics++\FaceShifter\038_125.mp4,FaceShifter
FaceShifter_039_058,fake,.\FaceForensics++\FaceShifter\039_058.mp4,FaceShifter
FaceShifter_040_997,fake,.\FaceForensics++\FaceShifter\040_997.mp4,FaceShifter
FaceShifter_041_063,fake,.\FaceForensics++\FaceShifter\041_063.mp4,FaceShifter
FaceShifter_042_084,fake,.\FaceForensics++\FaceShifter\042_084.mp4,FaceShifter
FaceShifter_043_110,fake,.\FaceForensics++\FaceShifter\043_110.mp4,FaceShifter
FaceShifter_044_945,fake,.\FaceForensics++\FaceShifter\044_945.mp4,FaceShifter
FaceShifter_045_889,fake,.\FaceForensics++\FaceShifter\045_889.mp4,FaceShifter
FaceShifter_046_904,fake,.\FaceForensics++\FaceShifter\046_904.mp4,FaceShifter
FaceShifter_047_862,fake,.\FaceForensics++\FaceShifter\047_862.mp4,FaceShifter
FaceShifter_048_029,fake,.\FaceForensics++\FaceShifter\048_029.mp4,FaceShifter
FaceShifter_049_946,fake,.\FaceForensics++\FaceShifter\049_946.mp4,FaceShifter
DeepFakeDetection_01_02__meeting_serious__YVGY8LOK,fake,.\FaceForensics++\DeepFakeDetection\01_02__meeting_serious__YVGY8LOK.mp4,DeepFakeDetection
DeepFakeDetection_01_02__outside_talking_still_laughing__YVGY8LOK,fake,.\FaceForensics++\DeepFakeDetection\01_02__outside_talking_still_laughing__YVGY8LOK.mp4,DeepFakeDetection
DeepFakeDetection_01_02__talking_against_wall__YVGY8LOK,fake,.\FaceForensics++\DeepFakeDetection\01_02__talking_against_wall__YVGY8LOK.mp4,DeepFakeDetection
DeepFakeDetection_01_02__walking_down_indoor_hall_disgust__YVGY8LOK,fake,.\FaceForensics++\DeepFakeDetection\01_02__walking_down_indoor_hall_disgust__YVGY8LOK.mp4,DeepFakeDetection
DeepFakeDetection_01_02__walk_down_hall_angry__YVGY8LOK,fake,.\FaceForensics++\DeepFakeDetection\01_02__walk_down_hall_angry__YVGY8LOK.mp4,DeepFakeDetection
DeepFakeDetection_01_03__hugging_happy__ISF9SP4G,fake,.\FaceForensics++\DeepFakeDetection\01_03__hugging_happy__ISF9SP4G.mp4,DeepFakeDetection
DeepFakeDetection_01_03__kitchen_pan__JZUXXFRB,fake,.\FaceForensics++\DeepFakeDetection\01_03__kitchen_pan__JZUXXFRB.mp4,DeepFakeDetection
DeepFakeDetection_01_03__podium_speech_happy__480LQD1C,fake,.\FaceForensics++\DeepFakeDetection\01_03__podium_speech_happy__480LQD1C.mp4,DeepFakeDetection
DeepFakeDetection_01_03__talking_against_wall__JZUXXFRB,fake,.\FaceForensics++\DeepFakeDetection\01_03__talking_against_wall__JZUXXFRB.mp4,DeepFakeDetection
DeepFakeDetection_01_04__hugging_happy__GBC7ZGDP,fake,.\FaceForensics++\DeepFakeDetection\01_04__hugging_happy__GBC7ZGDP.mp4,DeepFakeDetection
DeepFakeDetection_01_04__meeting_serious__0XUW13RW,fake,.\FaceForensics++\DeepFakeDetection\01_04__meeting_serious__0XUW13RW.mp4,DeepFakeDetection
DeepFakeDetection_01_04__talking_angry_couch__0XUW13RW,fake,.\FaceForensics++\DeepFakeDetection\01_04__talking_angry_couch__0XUW13RW.mp4,DeepFakeDetection
DeepFakeDetection_01_04__walk_down_hall_angry__GBC7ZGDP,fake,.\FaceForensics++\DeepFakeDetection\01_04__walk_down_hall_angry__GBC7ZGDP.mp4,DeepFakeDetection
DeepFakeDetection_01_09__talking_angry_couch__P70H1JB0,fake,.\FaceForensics++\DeepFakeDetection\01_09__talking_angry_couch__P70H1JB0.mp4,DeepFakeDetection
DeepFakeDetection_01_11__hugging_happy__4OJNJLOO,fake,.\FaceForensics++\DeepFakeDetection\01_11__hugging_happy__4OJNJLOO.mp4,DeepFakeDetection
DeepFakeDetection_01_11__meeting_serious__9OM3VE0Y,fake,.\FaceForensics++\DeepFakeDetection\01_11__meeting_serious__9OM3VE0Y.mp4,DeepFakeDetection
DeepFakeDetection_01_11__meeting_serious__FCNL2OVP,fake,.\FaceForensics++\DeepFakeDetection\01_11__meeting_serious__FCNL2OVP.mp4,DeepFakeDetection
DeepFakeDetection_01_11__outside_talking_pan_laughing__WIZ7GKOD,fake,.\FaceForensics++\DeepFakeDetection\01_11__outside_talking_pan_laughing__WIZ7GKOD.mp4,DeepFakeDetection
DeepFakeDetection_01_11__secret_conversation__4OJNJLOO,fake,.\FaceForensics++\DeepFakeDetection\01_11__secret_conversation__4OJNJLOO.mp4,DeepFakeDetection
DeepFakeDetection_01_11__talking_against_wall__4OJNJLOO,fake,.\FaceForensics++\DeepFakeDetection\01_11__talking_against_wall__4OJNJLOO.mp4,DeepFakeDetection
DeepFakeDetection_01_11__talking_against_wall__9229VVZ3,fake,.\FaceForensics++\DeepFakeDetection\01_11__talking_against_wall__9229VVZ3.mp4,DeepFakeDetection
DeepFakeDetection_01_11__talking_against_wall__UQ0BOBNO,fake,.\FaceForensics++\DeepFakeDetection\01_11__talking_against_wall__UQ0BOBNO.mp4,DeepFakeDetection
DeepFakeDetection_01_11__walking_outside_cafe_disgusted__FAFWDR4W,fake,.\FaceForensics++\DeepFakeDetection\01_11__walking_outside_cafe_disgusted__FAFWDR4W.mp4,DeepFakeDetection
DeepFakeDetection_01_12__outside_talking_pan_laughing__TNI7KUZ6,fake,.\FaceForensics++\DeepFakeDetection\01_12__outside_talking_pan_laughing__TNI7KUZ6.mp4,DeepFakeDetection
DeepFakeDetection_01_12__outside_talking_still_laughing__TNI7KUZ6,fake,.\FaceForensics++\DeepFakeDetection\01_12__outside_talking_still_laughing__TNI7KUZ6.mp4,DeepFakeDetection
DeepFakeDetection_01_15__exit_phone_room__02HILKYO,fake,.\FaceForensics++\DeepFakeDetection\01_15__exit_phone_room__02HILKYO.mp4,DeepFakeDetection
DeepFakeDetection_01_15__kitchen_still__02HILKYO,fake,.\FaceForensics++\DeepFakeDetection\01_15__kitchen_still__02HILKYO.mp4,DeepFakeDetection
DeepFakeDetection_01_15__meeting_serious__02HILKYO,fake,.\FaceForensics++\DeepFakeDetection\01_15__meeting_serious__02HILKYO.mp4,DeepFakeDetection
DeepFakeDetection_01_15__outside_talking_pan_laughing__02HILKYO,fake,.\FaceForensics++\DeepFakeDetection\01_15__outside_talking_pan_laughing__02HILKYO.mp4,DeepFakeDetection
DeepFakeDetection_01_20__hugging_happy__FW94AIMJ,fake,.\FaceForensics++\DeepFakeDetection\01_20__hugging_happy__FW94AIMJ.mp4,DeepFakeDetection
DeepFakeDetection_01_20__kitchen_pan__6UBMLXK3,fake,.\FaceForensics++\DeepFakeDetection\01_20__kitchen_pan__6UBMLXK3.mp4,DeepFakeDetection
DeepFakeDetection_01_20__outside_talking_pan_laughing__OTGHOG4Z,fake,.\FaceForensics++\DeepFakeDetection\01_20__outside_talking_pan_laughing__OTGHOG4Z.mp4,DeepFakeDetection
DeepFakeDetection_01_20__outside_talking_still_laughing__FW94AIMJ,fake,.\FaceForensics++\DeepFakeDetection\01_20__outside_talking_still_laughing__FW94AIMJ.mp4,DeepFakeDetection
DeepFakeDetection_01_20__walk_down_hall_angry__FW94AIMJ,fake,.\FaceForensics++\DeepFakeDetection\01_20__walk_down_hall_angry__FW94AIMJ.mp4,DeepFakeDetection
DeepFakeDetection_01_21__talking_angry_couch__03X7CELV,fake,.\FaceForensics++\DeepFakeDetection\01_21__talking_angry_couch__03X7CELV.mp4,DeepFakeDetection
DeepFakeDetection_01_21__walk_down_hall_angry__03X7CELV,fake,.\FaceForensics++\DeepFakeDetection\01_21__walk_down_hall_angry__03X7CELV.mp4,DeepFakeDetection
DeepFakeDetection_01_26__outside_talking_pan_laughing__ZMEJ535O,fake,.\FaceForensics++\DeepFakeDetection\01_26__outside_talking_pan_laughing__ZMEJ535O.mp4,DeepFakeDetection
DeepFakeDetection_01_27__hugging_happy__ZYCZ30C0,fake,.\FaceForensics++\DeepFakeDetection\01_27__hugging_happy__ZYCZ30C0.mp4,DeepFakeDetection
DeepFakeDetection_01_27__meeting_serious__ZYCZ30C0,fake,.\FaceForensics++\DeepFakeDetection\01_27__meeting_serious__ZYCZ30C0.mp4,DeepFakeDetection
DeepFakeDetection_01_27__outside_talking_pan_laughing__S2YCUY48,fake,.\FaceForensics++\DeepFakeDetection\01_27__outside_talking_pan_laughing__S2YCUY48.mp4,DeepFakeDetection
DeepFakeDetection_01_27__outside_talking_still_laughing__ZYCZ30C0,fake,.\FaceForensics++\DeepFakeDetection\01_27__outside_talking_still_laughing__ZYCZ30C0.mp4,DeepFakeDetection
DeepFakeDetection_01_27__walking_outside_cafe_disgusted__ZYCZ30C0,fake,.\FaceForensics++\DeepFakeDetection\01_27__walking_outside_cafe_disgusted__ZYCZ30C0.mp4,DeepFakeDetection
DeepFakeDetection_02_01__outside_talking_still_laughing__YVGY8LOK,fake,.\FaceForensics++\DeepFakeDetection\02_01__outside_talking_still_laughing__YVGY8LOK.mp4,DeepFakeDetection
DeepFakeDetection_02_01__secret_conversation__YVGY8LOK,fake,.\FaceForensics++\DeepFakeDetection\02_01__secret_conversation__YVGY8LOK.mp4,DeepFakeDetection
DeepFakeDetection_02_01__walking_down_indoor_hall_disgust__YVGY8LOK,fake,.\FaceForensics++\DeepFakeDetection\02_01__walking_down_indoor_hall_disgust__YVGY8LOK.mp4,DeepFakeDetection
DeepFakeDetection_02_01__walking_outside_cafe_disgusted__YVGY8LOK,fake,.\FaceForensics++\DeepFakeDetection\02_01__walking_outside_cafe_disgusted__YVGY8LOK.mp4,DeepFakeDetection
DeepFakeDetection_02_03__walking_down_street_outside_angry__QH3Y0IG0,fake,.\FaceForensics++\DeepFakeDetection\02_03__walking_down_street_outside_angry__QH3Y0IG0.mp4,DeepFakeDetection
DeepFakeDetection_02_03__walking_outside_cafe_disgusted__QH3Y0IG0,fake,.\FaceForensics++\DeepFakeDetection\02_03__walking_outside_cafe_disgusted__QH3Y0IG0.mp4,DeepFakeDetection
DeepFakeDetection_02_04__podium_speech_happy__8CH7R4LW,fake,.\FaceForensics++\DeepFakeDetection\02_04__podium_speech_happy__8CH7R4LW.mp4,DeepFakeDetection
DeepFakeDetection_02_06__exit_phone_room__HZAXM70B,fake,.\FaceForensics++\DeepFakeDetection\02_06__exit_phone_room__HZAXM70B.mp4,DeepFakeDetection
